<?xml version="1.0" encoding="UTF-8"?>
<Configuration status="WARN">
	<Properties>
		<Property name="basePath">.</Property>
	</Properties>
	<!-- Currently this log file is only configured to log on console and can 
		be extended to a log file -->
	<Appenders>
		<RollingFile name="fileLogger"
			fileName="${basePath}/service-monitor.log"
			filePattern="${basePath}/service-monitor-%d{yyyy-MM-dd}.log">
			<PatternLayout>
				<pattern>[%-5level] %d{yyyy-MM-dd HH:mm:ss.SSS} [%t] %c{1} - %msg%n
				</pattern>
			</PatternLayout>
			<Policies>
				<TimeBasedTriggeringPolicy interval="1"
					modulate="true" />
			</Policies>
		</RollingFile>
		<Console name="console" target="SYSTEM_OUT">
			<PatternLayout
				pattern="%d{HH:mm:ss.SSS} [%t] %-5level %logger{36} - %msg%n" />
		</Console>
	</Appenders>
	<Loggers>
		<Logger name="com.globalrelay.service-monitor" level="WARN"
			additivity="true">
			<appender-ref ref="fileLogger" level="WARN" />
		</Logger>
		<Root level="WARN" additivity="false">
			<AppenderRef ref="console" />
		</Root>
	</Loggers>
</Configuration>